mutant,score,predict_score
D917A,0.489489968,-4.390121936798096
D917E,0.4831500875,-4.224735736846924
D917G,0.480311031,-3.57918119430542
D917H,0.577879145,-3.6246485710144043
D917N,1.053950411,-1.612187385559082
D917V,0.195394936,-6.277970314025879
D917Y,0.413866121,-3.806812286376953
L919M,0.649752598,-4.508050441741943
L919P,0.00923688,-13.547872543334961
L919Q,-0.0391920139999999,-12.332080841064453
L919R,-0.006864253,-15.1414155960083
L919V,0.787310629,-4.606647968292236
N915I,0.0882950139999999,-6.017029762268066
N915K,0.3378796245,-2.7517807483673096
N915S,0.6017944,-0.9342525601387024
N916D,0.94846008,-1.626281976699829
N916H,0.878111924,-2.817300796508789
N916I,0.639258161,-4.650845527648926
N916K,0.929039823,-1.5872299671173096
N916S,0.976190867,-1.600165605545044
N916T,0.89113784,-2.6464202404022217
P422A,0.994630844,-2.5427279472351074
P422L,0.943902168,-2.5370934009552
P422Q,0.98486164,-2.1314940452575684
P422R,0.897440294,-2.0351476669311523
P422S,1.030976673,-2.5974340438842773
P422T,0.959000941,-2.3128983974456787
P424A,0.956758459,-3.0427892208099365
P424H,0.320818317,-4.858489036560059
P424L,0.961547232,-3.527035713195801
P424R,0.136736421,-4.278921604156494
P424S,0.936562062,-2.682523727416992
P424T,0.948871243,-3.608262300491333
Q421E,1.014541033,-2.1846327781677246
Q421H,0.964640008,-3.0787341594696045
Q421K,0.966988146,-2.168853759765625
Q421L,1.012798595,-2.8575401306152344
Q421P,1.003233926,-5.176535606384277
Q421R,1.007603884,-2.6366817951202393
S425A,0.943030175,-3.5843846797943115
S425L,0.851332563,-3.9517314434051514
S425P,0.684129534,-4.196262359619141
S425T,1.000852013,-2.0714879035949707
S425W,0.10893055,-4.584316253662109
S918A,0.0391920140000001,-9.415783882141113
S918C,0.01297504,-11.373233795166016
S918F,0.088817633,-14.533222198486328
S918P,0.029949188,-14.987735748291016
S918T,0.033786899,-8.942831039428711
S918Y,0.105162427,-15.028484344482422
V920L,0.349737131,-2.352902412414551
Y420C,0.836479783,-9.829069137573242
Y420D,0.467523193,-7.755927085876465
Y420F,0.934607507,-3.2208924293518066
Y420H,0.962922815,-3.16042160987854
Y420N,0.691882215,-6.191291809082031
Y420S,0.723562856,-5.787055492401123
Y423C,0.936323854,-8.645255088806152
Y423D,0.662412935,-3.8165876865386963
Y423F,0.985273503,-2.9982008934020996
Y423H,0.890809269,-3.045745372772217
Y423N,0.875586307,-4.659481048583984
Y423S,0.954953895,-3.726179361343384
